DoctorID,Name,Specialization,Phone,Email
1,Haily Money,Cardiology,134-547-2359,hmoney0@yahoo.co.jp
2,Zedekiah Blakeston,Orthopedics,131-354-4301,zblakeston1@pbs.org
3,Sampson Purvis,Orthopedics,147-639-8201,spurvis2@addthis.com
4,Darsey Paolotto,Cardiology,725-366-0618,dpaolotto3@epa.gov
5,Suzi Frome,Cardiology,534-772-9331,sfrome4@archive.org
6,Benedict Debling,Neurology,808-200-0266,bdebling5@illinois.edu
7,Kristian Ruggles,Orthopedics,540-494-6415,kruggles6@cpanel.net
8,Nita Spight,Orthopedics,371-340-5125,nspight7@github.io
9,Berkeley Boldero,Dermatology,433-741-5213,bboldero8@tripod.com
10,Ingunna Devas,Dermatology,267-905-5373,idevas9@wikia.com
11,Benji Rieger,Orthopedics,903-369-4707,briegera@intel.com
12,Ernestus Attril,Orthopedics,409-533-5681,eattrilb@telegraph.co.uk
13,Lavinia Hugonnet,Pediatrics,258-953-9414,lhugonnetc@vkontakte.ru
14,Xena Brashaw,Cardiology,236-908-0525,xbrashawd@pinterest.com
15,Jermaine Readhead,Orthopedics,233-603-5359,jreadheade@ezinearticles.com
16,Nicolea Elix,Pediatrics,320-514-4266,nelixf@1und1.de
17,Moishe Todari,Pediatrics,726-709-1951,mtodarig@sciencedaily.com
18,Jandy McGillecole,Pediatrics,755-177-4252,jmcgillecoleh@is.gd
19,Thaine Steuart,Pediatrics,744-781-0803,tsteuarti@amazon.co.jp
20,Jeromy Moff,Pediatrics,403-940-7189,jmoffj@elpais.com
21,Cher Camili,Pediatrics,969-766-0766,ccamilik@technorati.com
22,Loren Helks,Cardiology,892-704-5266,lhelksl@yahoo.co.jp
23,Marchelle Dudney,Orthopedics,232-506-8614,mdudneym@purevolume.com
24,Nat Millmoe,Cardiology,720-796-4886,nmillmoen@pinterest.com
25,Rayner McMillan,Neurology,380-604-9497,rmcmillano@goodreads.com
26,Shandie Gamon,Neurology,488-318-0173,sgamonp@si.edu
27,Chiquita Stemson,Neurology,433-971-5056,cstemsonq@indiegogo.com
28,Guthrey Starking,Orthopedics,509-934-4882,gstarkingr@scientificamerican.com
29,Sigismund Goshawke,Pediatrics,500-580-1013,sgoshawkes@scribd.com
30,Kara McPeake,Cardiology,876-466-6174,kmcpeaket@nymag.com
31,Prissie Cranstoun,Neurology,931-621-7587,pcranstounu@ehow.com
32,Alanah Stone Fewings,Dermatology,719-167-0510,astonev@upenn.edu
33,Brigitta Eley,Cardiology,690-535-6537,beleyw@freewebs.com
34,Dulcea Mulrean,Dermatology,187-336-6553,dmulreanx@globo.com
35,Ronni Alu,Neurology,211-885-5625,raluy@xing.com
36,Onofredo Menichino,Neurology,962-135-3596,omenichinoz@meetup.com
37,Eloise Jefford,Neurology,292-566-1279,ejefford10@blogger.com
38,Arni Stichel,Pediatrics,269-830-9124,astichel11@paypal.com
39,Kakalina Duddin,Dermatology,582-634-6614,kduddin12@buzzfeed.com
40,Rina Blore,Pediatrics,927-284-5960,rblore13@dagondesign.com
41,Josey Bredgeland,Pediatrics,532-390-4344,jbredgeland14@addthis.com
42,Jaquelin Spaule,Cardiology,996-877-9126,jspaule15@rambler.ru
43,Jobey Curtayne,Dermatology,892-408-4579,jcurtayne16@discuz.net
44,Hazel Mainz,Pediatrics,625-564-7904,hmainz17@shareasale.com
45,Bertina Mac Geaney,Pediatrics,925-456-2503,bmac18@spotify.com
46,Jacinthe Batho,Dermatology,705-523-4652,jbatho19@prnewswire.com
47,Hill Frude,Orthopedics,501-461-6850,hfrude1a@usa.gov
48,Annis Brittain,Neurology,661-898-4598,abrittain1b@ox.ac.uk
49,Elva Ovendon,Neurology,951-112-9304,eovendon1c@flavors.me
50,Oswell Prandi,Dermatology,542-689-5834,oprandi1d@wikia.com
51,Herrick Noorwood,Orthopedics,472-679-3680,hnoorwood1e@example.com
52,Yoshiko De Bruijne,Pediatrics,894-527-5319,yde1f@wired.com
53,Delila Jagielski,Orthopedics,411-714-3382,djagielski1g@yellowpages.com
54,Charmane Dell 'Orto,Pediatrics,712-477-0644,cdell1h@studiopress.com
55,Emory Jaggs,Neurology,914-591-0202,ejaggs1i@jigsy.com
56,Darius Leatt,Orthopedics,146-375-9380,dleatt1j@whitehouse.gov
57,Harlie Atwood,Cardiology,470-514-6329,hatwood1k@xinhuanet.com
58,Salomi Ridulfo,Orthopedics,856-949-9240,sridulfo1l@oaic.gov.au
59,Alard Alflatt,Pediatrics,107-624-7094,aalflatt1m@msn.com
60,Ailbert Cobley,Pediatrics,328-222-3809,acobley1n@jugem.jp
61,Beilul Dowell,Orthopedics,170-865-4716,bdowell1o@360.cn
62,Dori Gair,Neurology,402-394-4481,dgair1p@ted.com
63,Galen Kirkbride,Orthopedics,566-865-6131,gkirkbride1q@feedburner.com
